CREATE TABLE Domicilios (
    ID INT PRIMARY KEY,
    Calle VARCHAR(255),
    Numero INT,
    Ciudad VARCHAR(100),
    CodigoPostal VARCHAR(10),
    Pais VARCHAR(100)
);

CREATE TABLE Clientes (
    ID INT PRIMARY KEY,
    Nombre VARCHAR(255) NOT NULL,
    Apellido VARCHAR(255),
    Email VARCHAR(100) UNIQUE,
    Cuit BIGINT,
    Telefono VARCHAR(20),
    DomicilioID INT,
    FOREIGN KEY (DomicilioID) REFERENCES Domicilios(ID)
);

CREATE TABLE Categorias (
    ID INT PRIMARY KEY,
    Descripcion TEXT
);

CREATE TABLE Estados (
    ID INT PRIMARY KEY,
    Descripcion TEXT
);

CREATE TABLE Productos (
    ID INT PRIMARY KEY,
    Nombre VARCHAR(255) NOT NULL,
    Descripcion TEXT,
    Precio DECIMAL(10, 2) NOT NULL,
    Stock INT NOT NULL,
    CategoriaID INT,
    EstadoID INT,
    FOREIGN KEY (CategoriaID) REFERENCES Categorias(ID),
    FOREIGN KEY (EstadoID) REFERENCES Estados(ID)
);

CREATE TABLE Ordenes (
    ID INT PRIMARY KEY,
    ClienteID INT,
    FechaOrden DATE,
    ImporteTotal DECIMAL(10, 2),
    EstadoID INT,
    FOREIGN KEY (ClienteID) REFERENCES Clientes(ID),
    FOREIGN KEY (EstadoID) REFERENCES Estados(ID)
);

CREATE TABLE OrdenesDetalle (
    ID INT PRIMARY KEY,
    OrdenID INT ,
    ProductoID INT,
    Cantidad INT,
    Precio DECIMAL(10, 2),
    FOREIGN KEY (OrdenID) REFERENCES Ordenes(ID),
    FOREIGN KEY (ProductoID) REFERENCES Productos(ID)
);

-- Datos

-- Insertar registros en la tabla de Domicilios
INSERT INTO Domicilios (ID, Calle, Numero, Ciudad, CodigoPostal, Pais)
VALUES
    (1, 'Calle A', 123, 'Ciudad 1', '12345', 'Pais 1'),
    (2, 'Calle B', 456, 'Ciudad 2', '67890', 'Pais 2'),
    (3, 'Calle C', 789, 'Ciudad 3', '54321', 'Pais 1'),
    (4, 'Avenida X', 567, 'Ciudad 4', '98765', 'Pais 3'),
    (5, 'Calle Y', 890, 'Ciudad 1', '23456', 'Pais 2'),
    (6, 'Calle Z', 123, 'Ciudad 5', '87654', 'Pais 1'),
    (7, 'Avenida K', 456, 'Ciudad 2', '76543', 'Pais 3'),
    (8, 'Calle M', 789, 'Ciudad 6', '65432', 'Pais 2'),
    (9, 'Calle N', 567, 'Ciudad 3', '43210', 'Pais 1'),
    (10, 'Avenida P', 890, 'Ciudad 4', '54321', 'Pais 1'),
    (11, 'Calle Q', 123, 'Ciudad 2', '12345', 'Pais 2'),
    (12, 'Calle R', 456, 'Ciudad 5', '87654', 'Pais 3'),
    (13, 'Avenida S', 789, 'Ciudad 6', '23456', 'Pais 2'),
    (14, 'Calle T', 567, 'Ciudad 1', '76543', 'Pais 1'),
    (15, 'Calle U', 890, 'Ciudad 3', '43210', 'Pais 3'),
    (16, 'Avenida V', 123, 'Ciudad 4', '98765', 'Pais 1'),
    (17, 'Calle W', 456, 'Ciudad 5', '23456', 'Pais 2'),
    (18, 'Calle X', 789, 'Ciudad 2', '54321', 'Pais 3'),
    (19, 'Avenida Y', 567, 'Ciudad 6', '87654', 'Pais 1'),
    (20, 'Calle Z', 890, 'Ciudad 1', '76543', 'Pais 2');


-- Insertar registros en la tabla de Clientes
INSERT INTO Clientes (ID, Nombre, Apellido, Email, Cuit, Telefono, DomicilioID)
VALUES
    (1, 'Juan', 'Perez', 'juan.perez@email.com', 1234567890, '123-456-7890', 11),
    (2, 'Maria', 'Gomez', 'maria.gomez@email.com', 9876543210, '987-654-3210', 12),
    (3, 'Carlos', 'Rodriguez', 'carlos.rodriguez@email.com', 5555555555, '555-555-5555', 16),
    (4, 'Laura', 'Lopez', 'laura.lopez@email.com', 1111111111, '111-111-1111', 17),
    (5, 'Pedro', 'Martinez', 'pedro.martinez@email.com', 2222222222, '222-222-2222', 20),
    (6, 'Sofia', 'Hernandez', 'sofia.hernandez@email.com', 3333333333, '333-333-3333', 19),
    (7, 'Luis', 'Sanchez', 'luis.sanchez@email.com', 4444444444, '444-444-4444', 18),
    (8, 'Ana', 'Garcia', 'ana.garcia@email.com', 7777777777, '777-777-7777', 15),
    (9, 'Diego', 'Fernandez', 'diego.fernandez@email.com', 9999999999, '999-999-9999', 14),
    (10, 'Marta', 'Diaz', 'marta.diaz@email.com', 8888888888, '888-888-8888', 13),
    (11, 'Javier', 'Ramirez', 'javier.ramirez@email.com', 6666666666, '666-666-6666', 10),
    (12, 'Elena', 'Jimenez', 'elena.jimenez@email.com', 1212121212, '555-555-5555', 9),
    (13, 'Raul', 'Torres', 'raul.torres@email.com', 3434343434, '444-444-4444', 8),
    (14, 'Silvia', 'Morales', 'silvia.morales@email.com', 5566556655, '333-333-3333', 7),
    (15, 'Oscar', 'Vargas', 'oscar.vargas@email.com', 6868686868, '222-222-2222', 6),
    (16, 'Carmen', 'Perez', 'carmen.perez@email.com', 9999888877, '111-111-1111', 5),
    (17, 'Miguel', 'Gutierrez', 'miguel.gutierrez@email.com', 1111113333, '777-777-7777', 4),
    (18, 'Alicia', 'Rios', 'alicia.rios@email.com', 1515121233, '666-666-6666', 3),
    (19, 'Pablo', 'Castro', 'pablo.castro@email.com', 3322332244, '999-999-9999', 2),
    (20, 'Isabel', 'Santos', 'isabel.santos@email.com', 8888448888, '888-888-8888', 1);

-- Insertar registros en la tabla de Categorias
INSERT INTO Categorias (ID, Descripcion)
VALUES
    (1, 'Electrónica'),
    (2, 'Ropa'),
    (3, 'Hogar'),
    (4, 'Alimentos'),
    (5, 'Juguetes'),
    (6, 'Deportes'),
    (7, 'Belleza'),
    (8, 'Libros'),
    (9, 'Automóviles'),
    (10, 'Muebles');


-- Insertar registros en la tabla de Productos
INSERT INTO Productos (ID, Nombre, Descripcion, Precio, Stock, CategoriaID)
VALUES
    (1, 'Smartphone', 'Teléfono inteligente de última generación', 699.99, 50, 1),
    (2, 'Laptop', 'Portátil de alto rendimiento', 999.99, 30, 1),
    (3, 'Tablet', 'Tableta con pantalla de alta resolución', 299.99, 40, 1),
    (4, 'Camiseta', 'Camiseta de algodón suave', 19.99, 100, 2),
    (5, 'Pantalones', 'Pantalones vaqueros de moda', 49.99, 80, 2),
    (6, 'Vestido', 'Vestido elegante para ocasiones especiales', 59.99, 60, 2),
    (7, 'Mesa de Centro', 'Mesa de centro moderna', 199.99, 20, 3),
    (8, 'Sofá', 'Sofá cómodo y espacioso', 499.99, 10, 3),
    (9, 'Lámpara', 'Lámpara de pie elegante', 79.99, 30, 3),
    (10, 'Cereal', 'Cereal saludable para el desayuno', 4.99, 200, 4),
    (11, 'Pasta', 'Pasta italiana de calidad', 2.99, 150, 4),
    (12, 'Aceite de Oliva', 'Aceite de oliva virgen extra', 9.99, 100, 4),
    (13, 'Muñeca', 'Muñeca de juguete para niñas', 12.99, 80, 5),
    (14, 'Coche de Control Remoto', 'Coche de control remoto de alta velocidad', 29.99, 60, 5),
    (15, 'Juego de Construcción', 'Set de construcción creativa', 19.99, 100, 5),
    (16, 'Balón de Fútbol', 'Balón de fútbol de alta calidad', 19.99, 50, 6),
    (17, 'Raqueta de Tenis', 'Raqueta de tenis profesional', 59.99, 30, 6),
    (18, 'Bicicleta de Montaña', 'Bicicleta de montaña resistente', 299.99, 20, 6),
    (19, 'Crema Facial', 'Crema hidratante para la piel', 14.99, 100, 7),
    (20, 'Perfume', 'Fragancia de lujo para mujeres', 49.99, 50, 7),
    (21, 'Maquillaje', 'Set de maquillaje completo', 24.99, 60, 7),
    (22, 'Novela de Suspenso', 'Mejor novela de suspenso del año', 12.99, 80, 8),
    (23, 'Libro de Ciencia', 'Libro de divulgación científica', 9.99, 120, 8),
    (24, 'Libro de Cocina', 'Recetas del mundo para cocinar en casa', 14.99, 100, 8),
    (25, 'Sedán', 'Automóvil sedán económico', 14999.99, 5, 9),
    (26, 'SUV', 'SUV espacioso para aventuras familiares', 23999.99, 3, 9),
    (27, 'Deportivo', 'Automóvil deportivo de alto rendimiento', 29999.99, 2, 9),
    (28, 'Silla de Comedor', 'Silla de comedor elegante', 79.99, 40, 10),
    (29, 'Cama King Size', 'Cama king size con colchón de lujo', 699.99, 10, 10),
    (30, 'Escritorio', 'Escritorio de trabajo moderno', 129.99, 30, 10),
    (31, 'Auriculares Inalámbricos', 'Auriculares Bluetooth de alta calidad', 69.99, 50, 1),
    (32, 'Smartwatch', 'Reloj inteligente con monitor de actividad', 129.99, 30, 1),
    (33, 'Cámara DSLR', 'Cámara réflex digital de 24MP', 499.99, 20, 1),
    (34, 'Zapatos Deportivos', 'Zapatillas deportivas cómodas', 49.99, 100, 2),
    (35, 'Chaqueta de Cuero', 'Chaqueta de cuero genuino', 179.99, 50, 2),
    (36, 'Bufanda', 'Bufanda suave y abrigada', 19.99, 80, 2),
    (37, 'Silla de Oficina', 'Silla ergonómica para oficina', 129.99, 30, 3),
    (38, 'Mesa de Comedor', 'Mesa de comedor extensible', 299.99, 15, 3),
    (39, 'Espejo de Pared', 'Espejo decorativo para el hogar', 39.99, 40, 3),
    (40, 'Aceite de Oliva Extra Virgen', 'Aceite de oliva premium', 14.99, 200, 4),
    (41, 'Chocolate Amargo', 'Tableta de chocolate negro', 2.99, 150, 4),
    (42, 'Café Gourmet', 'Café molido de alta calidad', 7.99, 100, 4),
    (43, 'Rompecabezas', 'Rompecabezas de 1000 piezas', 12.99, 80, 5),
    (44, 'Peluche', 'Peluche suave y abrazable', 9.99, 60, 5),
    (45, 'Juego de Mesa', 'Juego de mesa para toda la familia', 19.99, 100, 5),
    (46, 'Balón de Baloncesto', 'Balón de baloncesto oficial', 19.99, 50, 6),
    (47, 'Mancuernas', 'Conjunto de mancuernas ajustables', 59.99, 30, 6),
    (48, 'Cinta de Correr', 'Cinta de correr plegable', 599.99, 10, 6),
    (49, 'Maquillaje', 'Set de maquillaje de lujo', 59.99, 40, 7),
    (50, 'Cremas Antiarrugas', 'Cremas antiarrugas de alta calidad', 29.99, 20, 7),
    (51, 'Secador de Pelo', 'Secador de pelo iónico profesional', 79.99, 30, 7),
    (52, 'Bestseller de Ficción', 'Novela más vendida del año', 14.99, 80, 8),
    (53, 'Libro de Cocina Saludable', 'Recetas saludables para cocinar en casa', 12.99, 60, 8),
    (54, 'Libro de Historia', 'Libro de historia mundial', 9.99, 100, 8),
    (55, 'Coche Compacto', 'Coche compacto con alto rendimiento', 17999.99, 5, 9),
    (56, 'Furgoneta', 'Furgoneta espaciosa para carga', 25999.99, 3, 9),
    (57, 'Automóvil Eléctrico', 'Automóvil eléctrico de última generación', 34999.99, 2, 9),
    (58, 'Sofá Reclinable', 'Sofá reclinable con masaje', 799.99, 10, 10),
    (59, 'Mesa de Centro', 'Mesa de centro de vidrio', 249.99, 20, 10),
    (60, 'Cómoda', 'Cómoda con cajones espaciosos', 169.99, 15, 10),
    (61, 'Smart TV', 'Televisor inteligente 4K', 599.99, 40, 1),
    (62, 'Auriculares In-Ear', 'Auriculares in-ear con cancelación de ruido', 89.99, 60, 1),
    (63, 'Batería Externa', 'Batería externa para dispositivos móviles', 29.99, 80, 1),
    (64, 'Vestido de Noche', 'Vestido elegante para ocasiones especiales', 69.99, 30, 2),
    (65, 'Pantalones Cortos', 'Pantalones cortos de verano', 24.99, 70, 2),
    (66, 'Sombrero de Paja', 'Sombrero de paja para la playa', 14.99, 50, 2),
    (67, 'Mesa de Comedor Extensible', 'Mesa de comedor extensible para 6 personas', 249.99, 10, 3),
    (68, 'Silla de Comedor', 'Silla de comedor moderna', 79.99, 40, 3),
    (69, 'Cómoda de Dormitorio', 'Cómoda de dormitorio con espejo', 159.99, 20, 3),
    (70, 'Vino Tinto Reserva', 'Botella de vino tinto reserva', 19.99, 90, 4),
    (71, 'Queso Parmesano', 'Queso parmesano de calidad', 6.99, 120, 4),
    (72, 'Aceitunas Rellenas', 'Aceitunas rellenas de ajo', 3.99, 150, 4),
    (73, 'Set de Construcción', 'Set de construcción creativa para niños', 29.99, 40, 5),
    (74, 'Juguete Educativo', 'Juguete educativo para aprender matemáticas', 12.99, 60, 5),
    (75, 'Pelota de Fútbol', 'Pelota de fútbol resistente', 9.99, 80, 5),
    (76, 'Bicicleta de Carreras', 'Bicicleta de carreras de carbono', 899.99, 15, 6),
    (77, 'Pesa Rusa', 'Pesa rusa de 20 kg', 29.99, 50, 6),
    (78, 'Balón de Voleibol', 'Balón de voleibol oficial', 14.99, 70, 6),
    (79, 'Cepillo Alisador', 'Cepillo alisador de cabello', 39.99, 80, 7),
    (80, 'Set de Brochas de Maquillaje', 'Set de brochas de maquillaje profesional', 24.99, 40, 7),
    (81, 'Loción Hidratante', 'Loción hidratante para el cuerpo', 19.99, 60, 7),
    (82, 'Libro de Ciencia Ficción', 'Emocionante novela de ciencia ficción', 12.99, 70, 8),
    (83, 'Libro de Arte', 'Libro de arte contemporáneo', 9.99, 90, 8),
    (84, 'Novela Histórica', 'Novela histórica bestseller', 14.99, 50, 8),
    (85, 'Coche Deportivo', 'Deportivo de lujo con altas prestaciones', 59999.99, 3, 9),
    (86, 'Monovolumen', 'Monovolumen espacioso para familias', 33999.99, 5, 9),
    (87, 'Automóvil Compacto', 'Automóvil compacto económico', 16999, 5, 9),
    (88, 'Coche Eléctrico Compacto', 'Coche eléctrico compacto de bajo consumo', 24999.99, 2, 9),
    (89, 'Coche Todoterreno', 'Todoterreno robusto para aventuras', 42999.99, 4, 9),
    (90, 'Silla de Comedor Moderna', 'Silla de comedor moderna y elegante', 69.99, 30, 10),
    (91, 'Mesa de Café', 'Mesa de café de diseño contemporáneo', 79.99, 20, 10),
    (92, 'Sofá de Cuero', 'Sofá de cuero genuino de alta calidad', 499.99, 10, 10),
    (93, 'Cama Individual', 'Cama individual con colchón incluido', 299.99, 15, 10),
    (94, 'Mesa de Estudio', 'Mesa de estudio moderna para jóvenes', 129.99, 25, 10),
    (95, 'Armario de Dormitorio', 'Armario espacioso para dormitorio', 199.99, 12, 10),
    (96, 'Estantería de Libros', 'Estantería para libros y decoración', 59.99, 30, 10),
    (97, 'Mesa de Comedor Redonda', 'Mesa de comedor redonda para reuniones', 159.99, 10, 10),
    (98, 'Sofá Reclinable de Cuero', 'Sofá reclinable de cuero genuino', 899.99, 5, 10),
    (99, 'Mesa de Centro de Vidrio', 'Mesa de centro de vidrio templado', 129.99, 15, 10),
    (100, 'Cama King Size con Dosel', 'Cama king size con dosel y luces LED', 1499.99, 5, 10);

-- Insertar registros en la tabla de Estados
INSERT INTO Estados (ID, Descripcion)
VALUES
    (1, 'En proceso'),
    (2, 'Completado'),
    (3, 'Cancelado');

-- Insertar registros en la tabla de Ordenes
INSERT INTO Ordenes (ID, ClienteID, FechaOrden, ImporteTotal, EstadoID)
VALUES
    (1, 1, '2023-10-01', 199.99, 1),
    (2, 2, '2023-10-02', 149.99, 2),
    (3, 2, '2023-10-15', 249.99, 3),
    (4, 3, '2023-10-03', 99.99, 1),
    (5, 4, '2023-10-04', 299.99, 2),
    (6, 4, '2023-10-11', 49.99, 3),
    (7, 4, '2023-10-20', 199.99, 1),
    (8, 5, '2023-10-05', 79.99, 1),
    (9, 5, '2023-10-09', 129.99, 2),
    (10, 5, '2023-10-14', 44.99, 1),
    (11, 5, '2023-10-25', 199.99, 3),
    (12, 6, '2023-10-06', 59.99, 2),
    (13, 6, '2023-10-08', 299.99, 1),
    (14, 6, '2023-10-12', 49.99, 3),
    (15, 6, '2023-10-16', 199.99, 1),
    (16, 6, '2023-10-21', 34.99, 2),
    (17, 7, '2023-10-07', 179.99, 1),
    (18, 8, '2023-10-10', 249.99, 3),
    (19, 8, '2023-10-19', 349.99, 1),
    (20, 9, '2023-10-13', 99.99, 2),
    (21, 10, '2023-10-17', 59.99, 1),
    (22, 10, '2023-10-18', 149.99, 3),
    (23, 10, '2023-10-23', 69.99, 2),
    (24, 11, '2023-10-22', 199.99, 1),
    (25, 12, '2023-10-24', 249.99, 3),
    (26, 12, '2023-10-26', 349.99, 2),
    (27, 13, '2023-10-27', 99.99, 1),
    (28, 14, '2023-10-28', 149.99, 2),
    (29, 15, '2023-10-24', 249.99, 3),
    (30, 15, '2023-10-26', 349.99, 2);


-- Insertar registros en la tabla de OrdenesDetalle
INSERT INTO OrdenesDetalle (ID, OrdenID, ProductoID, Cantidad, Precio)
VALUES
    (1, 1, 1, 10, 20.99),
    (2, 1, 2, 15, 14.99),
    (3, 1, 3, 8, 7.99),
    (4, 1, 4, 5, 9.99),
    (5, 1, 5, 12, 6.99),
    (6, 1, 6, 18, 24.99),
    (7, 1, 7, 7, 11.99),
    (8, 1, 8, 21, 19.99),
    (9, 1, 9, 16, 15.99),
    (10, 1, 10, 11, 10.99),
    (11, 1, 11, 13, 8.99),
    (12, 1, 12, 14, 17.99),
    (13, 2, 13, 3, 2.99),
    (14, 2, 14, 1, 1.99),
    (15, 2, 15, 2, 5.99),
    (16, 2, 16, 5, 4.99),
    (17, 3, 21, 1, 9.99),
    (18, 3, 22, 6, 5.99),
    (19, 3, 23, 4, 2.99),
    (20, 3, 24, 3, 6.99),
    (21, 3, 25, 2, 3.99),
    (22, 3, 26, 7, 4.99),
    (23, 3, 27, 5, 8.99),
    (24, 3, 28, 10, 12.99),
    (25, 3, 29, 15, 14.99),
    (26, 4, 30, 12, 15.99),
    (27, 4, 31, 5, 9.99),
    (28, 5, 41, 8, 8.99),
    (29, 5, 42, 5, 9.99),
    (30, 5, 43, 4, 6.99),
    (31, 5, 44, 2, 3.99),
    (32, 5, 45, 1, 2.99),
    (33, 6, 1, 12, 15.99),
    (34, 6, 8, 1, 3.99),
    (35, 7, 9, 7, 7.99),
    (36, 7, 10, 9, 10.99),
    (37, 7, 11, 10, 12.99),
    (38, 7, 12, 8, 8.99),
    (39, 7, 13, 5, 9.99),
    (40, 7, 14, 4, 6.99),
    (41, 8, 22, 4, 6.99),
    (42, 8, 23, 2, 2.99),
    (43, 8, 24, 1, 3.99),
    (44, 9, 25, 7, 7.99),
    (45, 9, 26, 9, 10.99),
    (46, 9, 27, 10, 12.99),
    (47, 9, 28, 8, 8.99),
    (48, 9, 29, 5, 9.99),
    (49, 9, 30, 4, 6.99),
    (50, 9, 31, 2, 3.99),
    (51, 10, 38, 4, 6.99),
    (52, 10, 39, 2, 2.99),
    (53, 10, 40, 1, 3.99),
    (54, 11, 41, 7, 7.99),
    (55, 11, 42, 9, 10.99),
    (56, 11, 43, 10, 12.99),
    (57, 11, 44, 8, 8.99),
    (58, 11, 45, 5, 9.99),
    (59, 11, 46, 4, 6.99),
    (60, 11, 47, 2, 3.99),
    (61, 11, 48, 1, 2.99),
    (62, 12, 49, 12, 15.99),
    (63, 12, 50, 7, 7.99),
    (64, 12, 55, 2, 2.99),
    (65, 12, 56, 1, 3.99),
    (66, 13, 57, 7, 7.99),
    (67, 13, 58, 9, 10.99),
    (68, 13, 59, 10, 12.99),
    (69, 13, 63, 2, 3.99),
    (70, 13, 64, 1, 2.99),
    (71, 14, 65, 7, 7.99),
    (72, 14, 66, 9, 10.99),
    (73, 14, 67, 10, 12.99),
    (74, 14, 68, 8, 8.99),
    (75, 14, 69, 5, 9.99),
    (76, 14, 71, 2, 3.99),
    (77, 14, 72, 1, 2.99),
    (78, 15, 73, 7, 7.99),
    (79, 15, 74, 9, 10.99),
    (80, 15, 79, 2, 3.99),
    (81, 15, 80, 1, 2.99),
    (82, 16, 88, 1, 2.99),
    (83, 17, 89, 7, 7.99),
    (84, 17, 90, 9, 10.99),
    (85, 17, 91, 10, 12.99),
    (86, 17, 93, 5, 9.99),
    (87, 17, 94, 4, 6.99),
    (88, 17, 95, 2, 3.99),
    (89, 17, 96, 1, 2.99),
    (90, 18, 97, 7, 7.99),
    (91, 18, 1, 5, 9.99),
    (92, 18, 2, 4, 6.99),
    (93, 18, 3, 2, 3.99),
    (94, 18, 4, 1, 2.99),
    (95, 19, 5, 1, 7.99),
    (96, 19, 8, 1, 8.99),
    (97, 19, 9, 5, 9.99),
    (98, 19, 10, 4, 6.99),
    (99, 19, 11, 2, 3.99),
    (100, 19, 12, 1, 2.99),
    (101, 20, 13, 7, 7.99),
    (102, 20, 14, 9, 10.99),
    (103, 20, 15, 10, 12.99),
    (104, 20, 16, 8, 8.99),
    (105, 20, 17, 5, 9.99),
    (106, 21, 25, 5, 9.99),
    (107, 21, 26, 4, 6.99),
    (108, 21, 27, 2, 3.99),
    (109, 21, 28, 1, 2.99),
    (110, 22, 29, 7, 7.99),
    (111, 22, 35, 2, 3.99),
    (112, 22, 36, 1, 2.99),
    (113, 23, 44, 7, 7.99),
    (114, 23, 45, 9, 10.99),
    (115, 23, 46, 10, 12.99),
    (116, 23, 47, 8, 8.99),
    (117, 23, 48, 5, 9.99),
    (118, 23, 49, 4, 6.99),
    (119, 23, 50, 2, 3.99),
    (120, 23, 51, 1, 2.99),
    (121, 24, 55, 8, 8.99),
    (122, 24, 56, 5, 9.99),
    (123, 24, 57, 4, 6.99),
    (124, 24, 58, 2, 3.99),
    (125, 24, 59, 1, 2.99),
    (126, 25, 60, 7, 7.99),
    (127, 25, 61, 9, 10.99),
    (128, 26, 68, 7, 7.99),
    (129, 26, 69, 9, 10.99),
    (130, 26, 70, 10, 12.99),
    (131, 26, 71, 8, 8.99),
    (132, 26, 72, 5, 9.99),
    (133, 26, 73, 4, 6.99),
    (134, 26, 74, 2, 3.99),
    (135, 26, 75, 1, 2.99),
    (136, 27, 76, 7, 7.99),
    (137, 27, 77, 9, 10.99),
    (138, 27, 78, 10, 12.99),
    (139, 28, 84, 7, 7.99),
    (140, 28, 85, 9, 10.99),
    (141, 28, 86, 10, 12.99),
    (142, 28, 87, 8, 8.99),
    (143, 28, 88, 5, 9.99),
    (144, 28, 91, 1, 2.99),
    (145, 29, 92, 7, 7.99),
    (146, 29, 93, 9, 10.99),
    (147, 29, 94, 10, 12.99),
    (148, 29, 95, 8, 8.99),
    (149, 29, 99, 1, 2.99),
    (150, 30, 100, 7, 7.99),
    (151, 30, 1, 9, 10.99),
    (152, 30, 2, 10, 12.99),
    (153, 30, 3, 8, 8.99),
    (154, 30, 4, 5, 9.99),
    (155, 30, 5, 4, 6.99),
    (156, 30, 6, 2, 3.99);